<?xml version="1.0" encoding="utf-8"?>
<extension type="module" client="site" method="upgrade">
	<name>MOD_FOOTERGHSVS</name>
	<author>G@HService Berlin Neukölln, Volkmar Volli Schlothauer</author>
	<creationDate>2017-10-07</creationDate>
	<copyright>(C) 2017, G@HService Berlin Neukölln, Volkmar Volli Schlothauer (ghsvs.de)</copyright>
	<license>GNU General Public License version 3 or later; see LICENSE.txt.</license>
	<authorUrl>https://ghsvs.de</authorUrl>
	<version>2022.06.14</version>
	<description>MOD_FOOTERGHSVS_XML_DESCRIPTION</description>

	<updateservers><server type="extension" priority="1" name="MOD_FOOTERGHSVS">https://raw.githubusercontent.com/GHSVS-de/upadateservers/master/mod_footerghsvs-update.xml</server></updateservers>

	<changelogurl>https://raw.githubusercontent.com/GHSVS-de/upadateservers/master/mod_footerghsvs-changelog.xml</changelogurl>

	<infourl>https://updates.ghsvs.de/changelog.php?file=mod_footerghsvs</infourl>

	<scriptfile>installerScript.php</scriptfile>
	<minimumPhp>7.3.0</minimumPhp>
	<maximumPhp>8.99999.99999</maximumPhp>
	<minimumJoomla>3.9.24</minimumJoomla>
	<maximumJoomla>4.9999.9999</maximumJoomla>
	<allowDowngrades>1</allowDowngrades>

	<files>
		<filename module="mod_footerghsvs">mod_footerghsvs.php</filename>
		<filename>installerScript.php</filename>
		<filename>LICENSE.txt</filename>
		<folder>language</folder>
		<folder>tmpl</folder>
	</files>

	<config>
		<fields name="params">
			<fieldset name="advanced">

				<field name="footerstart" type="text" default="" filter="string"
					class="extended-width"
					label="Startjahr"/>

				<field name="footertext" type="text" default="" filter="safehtml"
					class="extended-width"
					label="Text"/>

				<field name="footertel" type="text" label="Telefon" filter="safehtml"
					default="" class="extended-width"/>

				<field name="footeremail" type="text" default="" filter="string"
					class="extended-width"
					label="Email"
					description="NUR Email-Adresse! Wird gecloaked." />

				<field name="footerweb" type="text" default="" filter="string"
					class="extended-width"
					label="Web"
					description="Webadresse OHNE https://" />

				<field name="divider" type="text" filter="safehtml"
					label="Trenner" default=" ° " class="extended-width"/>

				<field name="layout" type="modulelayout" validate="moduleLayout"
					label="JFIELD_ALT_LAYOUT_LABEL"
					class="form-select"/>

				<field name="moduleclass_sfx" type="textarea" filter="string"
					label="COM_MODULES_FIELD_MODULECLASS_SFX_LABEL"/>

				<field name="cache" type="list" default="1" filter="integer"
					validate="options"
					label="COM_MODULES_FIELD_CACHING_LABEL">
					<option value="1">JGLOBAL_USE_GLOBAL</option>
					<option value="0">COM_MODULES_FIELD_VALUE_NOCACHING</option>
				</field>

				<field name="cache_time" type="number" default="900" filter="integer"
					label="COM_MODULES_FIELD_CACHE_TIME_LABEL" />

				<field name="cachemode" type="hidden" default="static">
					<option value="static"></option>
				</field>

			</fieldset>
		</fields>
	</config>
</extension>
